課題ID,カテゴリ,サブカテゴリ,課題名,計算内容,入力変数,出力形式,備考
WAR-01,戦争リスク除去,核兵器,核兵器廃絶に必要な国際協力コスト,核弾頭数N_warhead=12500,廃絶コストC_disarm[$/弾頭],総コストC_total[USD],段階的廃絶シナリオ
WAR-02,戦争リスク除去,抑止,抑止力の数理モデルと紛争確率,国家数N_state,軍事力バランスB,紛争確率P_conflict(t),グラフ(時間vs紛争確率)
WAR-03,戦争リスク除去,AI監視,AIによる紛争予測と予防システム,紛争前兆シグナル数N_sig,予測精度A_pred,介入成功率S_int,最適介入タイミング
WAR-04,戦争リスク除去,経済,経済相互依存度と戦争確率の相関,貿易依存度D_trade,経済統合度I_econ,戦争抑止効果E_deter,最適依存度
WAR-05,戦争リスク除去,資源,資源競争の数理モデル,資源量R,人口N,消費率C,競争激化確率P_comp,持続可能な資源配分
WAR-06,戦争リスク除去,教育,平和教育の普及率と紛争確率,教育普及率E_rate,紛争確率低減率R_reduce,投資対効果ROI,最適投資額
FER-01,少子化リスク除去,経済,子育て支援の経済効果,支援額S[$/子],出生率向上効果ΔF,GDP成長率ΔGDP,最適支援額
FER-02,少子化リスク除去,労働,労働環境改善による出生率向上,労働時間H,育児休暇日数V,出生率F,最適労働条件
FER-03,少子化リスク除去,医療,不妊治療の普及と出生率,不妊率I_infert,治療成功率S_treat,追加出生数N_birth,費用対効果
FER-04,少子化リスク除去,移民,移民受け入れによる人口維持,移民数N_immig,統合コストC_integ,人口維持効果E_pop,最適移民数
FER-05,少子化リスク除去,価値観,社会的価値観変化のモデル化,現在の出生意欲V_birth,変化率r_change,将来出生率F_future,介入効果
FER-06,少子化リスク除去,技術,人工子宮技術による出生率補完,技術成熟度M_tech,生産可能数N_prod/year,人口補充率R_repl,実用化時期
ENV-01,環境リスク除去,CO2,大気中CO2濃度の目標値設定,現在値C_now=420ppm,目標値C_tgt=350ppm,必要削減量ΔC[ppm],削減曲線
ENV-02,環境リスク除去,吸収,直接空気回収(DAC)の必要規模,年間排出量E_yr=36Gt,回収効率η_DAC,必要設備数N_DAC,コスト試算
ENV-03,環境リスク除去,森林,植林によるCO2吸収量,森林面積A_forest,吸収率r_abs[tCO2/ha/yr],総吸収量Q_abs[Gt/yr],必要面積
ENV-04,環境リスク除去,海洋,海洋アルカリ化によるCO2吸収,散布量M_alkali[t],吸収効率η_alkali,環境影響評価EIA,最適散布量
ENV-05,環境リスク除去,太陽放射,成層圏エアロゾル注入の効果とリスク,注入量M_aerosol[t],気温低下効果ΔT[℃],副作用リスクR_side,リスク-便益比
ENV-06,環境リスク除去,エネルギー,再生可能エネルギー100%移行のコスト,現在の再エネ比率R_re=30%,目標比率R_tgt=100%,移行コストC_trans[USD],最適移行速度
ENV-07,環境リスク除去,国際枠組み,パリ協定強化版の排出削減効果,参加国数N_country,削減目標率R_target,実効削減量Q_eff[Gt],達成確率
ENV-08,環境リスク除去,適応,気候変動適応策のコスト便益,適応コストC_adapt,被害回避額D_avoid,純便益B_net[USD],最適適応レベル
INT-01,統合,全体,3要因統合リスクモデルの更新,戦争リスクR_war,少子化リスクR_fer,環境リスクR_env,複合生存確率P_surv,グラフ(時間vs確率)
INT-02,統合,感度,各要因の感度分析,各パラメータ変動幅δ,生存確率変化ΔP,重要度ランキング,TOPSIS分析
INT-03,統合,最適化,限られたリソースの最適配分,総予算B_total,各対策コストC_i,各対策効果E_i,最適配分ベクトル,線形計画法
INT-04,統合,時間,各対策の実現時期と地球寿命の同期,地球残存寿命T_earth=100年,各対策完了時期T_i,生存確率目標P_tgt=99%,達成可能判定
INT-05,統合,モニタリング,リアルタイムリスク監視システム,監視項目数N_monitor,更新頻度f_update,警報発報条件,システム設計
